<?xml version="1.0" encoding="UTF-8"?>
<con:soapui-project id="0875772e-982d-489e-afbf-3024dfa12a5e" activeEnvironment="Default" name="Proy auth-and-user" resourceRoot="${projectDir}" soapui-version="5.8.0" abortOnError="false" runType="SEQUENTIAL" xmlns:con="http://eviware.com/soapui/config"><con:settings/><con:interface xsi:type="con:RestService" id="a632ea0e-fd5c-4283-b08a-464db53e41ed" wadlVersion="http://wadl.dev.java.net/2009/02" name="http://localhost:9000" type="rest" xmlns:xsi="http://www.w3.org/2001/XMLSchema-instance"><con:settings/><con:definitionCache/><con:endpoints><con:endpoint>http://localhost:9000</con:endpoint></con:endpoints><con:resource name="" path="/oauth2/token" id="f10c84b3-928d-4f05-b4d7-239a41db459d"><con:settings/><con:parameters><con:parameter><con:name>grant_type</con:name><con:value/><con:style>QUERY</con:style><con:default/><con:description xsi:nil="true"/></con:parameter><con:parameter><con:name>code</con:name><con:value/><con:style>QUERY</con:style><con:default/><con:description xsi:nil="true"/></con:parameter><con:parameter><con:name>client_id</con:name><con:value/><con:style>QUERY</con:style><con:default/><con:description xsi:nil="true"/></con:parameter><con:parameter><con:name>client_secret</con:name><con:value/><con:style>QUERY</con:style><con:default/><con:description xsi:nil="true"/></con:parameter><con:parameter><con:name>redirect_uri</con:name><con:value/><con:style>QUERY</con:style><con:default/><con:description xsi:nil="true"/></con:parameter></con:parameters><con:method name="Token JWT" id="f41dbbc5-7d28-4697-9abb-fc0f6efacf88" method="POST"><con:settings/><con:parameters/><con:representation type="RESPONSE"><con:mediaType>application/json;charset=UTF-8</con:mediaType><con:status>200</con:status><con:params/><con:element xmlns:tok="http://localhost/oauth2/token">tok:Response</con:element></con:representation><con:representation type="REQUEST"><con:mediaType>application/x-www-form-urlencoded</con:mediaType><con:params/></con:representation><con:request name="Request Token JWT" id="e653ab1e-34b1-45f5-9061-5a34f36f0e6d" mediaType="application/x-www-form-urlencoded" postQueryString="true"><con:settings><con:setting id="com.eviware.soapui.impl.wsdl.WsdlRequest@request-headers">&lt;xml-fragment/></con:setting></con:settings><con:endpoint>http://localhost:9000</con:endpoint><con:request/><con:originalUri>http://localhost/oauth2/token</con:originalUri><con:credentials><con:username>client</con:username><con:password>secret</con:password><con:selectedAuthProfile>Basic</con:selectedAuthProfile><con:addedBasicAuthenticationTypes>Basic</con:addedBasicAuthenticationTypes><con:preemptive>true</con:preemptive><con:authType>Preemptive</con:authType></con:credentials><con:jmsConfig JMSDeliveryMode="PERSISTENT"/><con:jmsPropertyConfig/><con:parameters>
  <con:entry key="grant_type" value="authorization_code"/>
  <con:entry key="client_secret" value="secret"/>
  <con:entry key="redirect_uri" value="http://localhost:9000/callback"/>
  <con:entry key="client_id" value="client"/>
</con:parameters><con:parameterOrder><con:entry>grant_type</con:entry><con:entry>code</con:entry><con:entry>client_id</con:entry><con:entry>client_secret</con:entry><con:entry>redirect_uri</con:entry></con:parameterOrder></con:request></con:method></con:resource></con:interface><con:properties/><con:wssContainer/><con:oAuth2ProfileContainer/><con:oAuth1ProfileContainer/><con:sensitiveInformation/></con:soapui-project>